id,batchID,batchIDLastChangedAt,gameID,gameIDLastChangedAt,playerID,playerIDLastChangedAt,roundID,roundIDLastChangedAt
01JVN0ZQEG38HD03GEN8FXACB0,01JVMZGYJ85AM4Y1HBTW9BJ9SH,2025-05-19T15:40:30.544563-04:00,01JVMZGYJYHNJ38YB871XB1K70,2025-05-19T15:40:30.544563-04:00,01JVN04FDNH3DXRKTSQT3Y7TQD,2025-05-19T15:40:30.544563-04:00,01JVN0H2EMHSS9DNJQR69RCRZY,2025-05-19T15:40:30.544563-04:00
01JVN10BQVKZ6PEYX23F0TAQQW,01JVN0HG625XH382X4PTR2KFHP,2025-05-19T15:40:51.323946-04:00,01JVN0HG6F9FV33B7XAJZQDTRH,2025-05-19T15:40:51.323946-04:00,01JVN0W8YX15Y94JM3DY4BT6PW,2025-05-19T15:40:51.323946-04:00,01JVN0WPDZKD4GGFR46GERS5M0,2025-05-19T15:40:51.323946-04:00
01JVN13CNSYVSK40NPZ2CWGQ8Z,01JVMZGYJ85AM4Y1HBTW9BJ9SH,2025-05-19T15:42:30.585211-04:00,01JVMZGYJYHNJ38YB871XB1K70,2025-05-19T15:42:30.585211-04:00,01JVN04FDNH3DXRKTSQT3Y7TQD,2025-05-19T15:42:30.585211-04:00,01JVN0H2EMHSS9DNJQRPCHB8JQ,2025-05-19T15:42:30.585211-04:00
01JVN0H2GYV3E71JJDPXCD1NDC,01JVMZGYJ85AM4Y1HBTW9BJ9SH,2025-05-19T15:32:30.366397-04:00,01JVMZGYJYHNJ38YB871XB1K70,2025-05-19T15:32:30.366397-04:00,01JVN0GWM1WEJQHYFY8YZY2XSJ,2025-05-19T15:32:30.366397-04:00,01JVN0H2EJRGHSJNEKZXQ8164H,2025-05-19T15:32:30.366397-04:00
01JVN0MQRD955QX382RH9TDDY2,01JVMZGYJ85AM4Y1HBTW9BJ9SH,2025-05-19T15:34:30.413519-04:00,01JVMZGYJYHNJ38YB871XB1K70,2025-05-19T15:34:30.413519-04:00,01JVN04FDNH3DXRKTSQT3Y7TQD,2025-05-19T15:34:30.413519-04:00,01JVN0H2EMHSS9DNJQQ8SK6VMH,2025-05-19T15:34:30.413519-04:00
01JVN0MQRD955QX382RVEP8YAG,01JVMZGYJ85AM4Y1HBTW9BJ9SH,2025-05-19T15:34:30.413624-04:00,01JVMZGYJYHNJ38YB871XB1K70,2025-05-19T15:34:30.413624-04:00,01JVN0GWM1WEJQHYFY8YZY2XSJ,2025-05-19T15:34:30.413624-04:00,01JVN0H2EMHSS9DNJQQ8SK6VMH,2025-05-19T15:34:30.413624-04:00
01JVN0ZQEG38HD03GEMZD2ARSW,01JVMZGYJ85AM4Y1HBTW9BJ9SH,2025-05-19T15:40:30.544433-04:00,01JVMZGYJYHNJ38YB871XB1K70,2025-05-19T15:40:30.544433-04:00,01JVN0GWM1WEJQHYFY8YZY2XSJ,2025-05-19T15:40:30.544433-04:00,01JVN0H2EMHSS9DNJQR69RCRZY,2025-05-19T15:40:30.544433-04:00
01JVN17P6SCERSRVEHBEQEKG86,01JVN0HG625XH382X4PTR2KFHP,2025-05-19T15:44:51.417466-04:00,01JVN0HG6F9FV33B7XAJZQDTRH,2025-05-19T15:44:51.417466-04:00,01JVN0W8YX15Y94JM3DY4BT6PW,2025-05-19T15:44:51.417466-04:00,01JVN0WPE0EKSND0V86AFPCGCV,2025-05-19T15:44:51.417466-04:00
01JVN17P6SCERSRVEHBJEM8T3P,01JVN0HG625XH382X4PTR2KFHP,2025-05-19T15:44:51.417627-04:00,01JVN0HG6F9FV33B7XAJZQDTRH,2025-05-19T15:44:51.417627-04:00,01JVN0Q6YAZ41Q9MK1Q0SNZV36,2025-05-19T15:44:51.417627-04:00,01JVN0WPE0EKSND0V86AFPCGCV,2025-05-19T15:44:51.417627-04:00
01JVN0W2700MG3BK7K8KY8TNRN,01JVMZGYJ85AM4Y1HBTW9BJ9SH,2025-05-19T15:38:30.496655-04:00,01JVMZGYJYHNJ38YB871XB1K70,2025-05-19T15:38:30.496655-04:00,01JVN04FDNH3DXRKTSQT3Y7TQD,2025-05-19T15:38:30.496655-04:00,01JVN0H2EMHSS9DNJQQN2WT08M,2025-05-19T15:38:30.496655-04:00
01JVN0W2700MG3BK7K8Y4JARBD,01JVMZGYJ85AM4Y1HBTW9BJ9SH,2025-05-19T15:38:30.49679-04:00,01JVMZGYJYHNJ38YB871XB1K70,2025-05-19T15:38:30.49679-04:00,01JVN0GWM1WEJQHYFY8YZY2XSJ,2025-05-19T15:38:30.49679-04:00,01JVN0H2EMHSS9DNJQQN2WT08M,2025-05-19T15:38:30.49679-04:00
01JVN10BQWM7092J04MDFYMPF0,01JVN0HG625XH382X4PTR2KFHP,2025-05-19T15:40:51.324078-04:00,01JVN0HG6F9FV33B7XAJZQDTRH,2025-05-19T15:40:51.324078-04:00,01JVN0Q6YAZ41Q9MK1Q0SNZV36,2025-05-19T15:40:51.324078-04:00,01JVN0WPDZKD4GGFR46GERS5M0,2025-05-19T15:40:51.324078-04:00
01JVN140ZAVDR1TR88BSJ4YS5X,01JVN0HG625XH382X4PTR2KFHP,2025-05-19T15:42:51.370066-04:00,01JVN0HG6F9FV33B7XAJZQDTRH,2025-05-19T15:42:51.370066-04:00,01JVN0Q6YAZ41Q9MK1Q0SNZV36,2025-05-19T15:42:51.370066-04:00,01JVN0WPE0EKSND0V85WK3GEB9,2025-05-19T15:42:51.370066-04:00
01JVN0H2GYV3E71JJDQ1Y84BAR,01JVMZGYJ85AM4Y1HBTW9BJ9SH,2025-05-19T15:32:30.366486-04:00,01JVMZGYJYHNJ38YB871XB1K70,2025-05-19T15:32:30.366486-04:00,01JVN04FDNH3DXRKTSQT3Y7TQD,2025-05-19T15:32:30.366486-04:00,01JVN0H2EJRGHSJNEKZXQ8164H,2025-05-19T15:32:30.366486-04:00
01JVN0RCZP1RZDRFC5TXNGRRV6,01JVMZGYJ85AM4Y1HBTW9BJ9SH,2025-05-19T15:36:30.454542-04:00,01JVMZGYJYHNJ38YB871XB1K70,2025-05-19T15:36:30.454542-04:00,01JVN04FDNH3DXRKTSQT3Y7TQD,2025-05-19T15:36:30.454542-04:00,01JVN0H2EMHSS9DNJQPT1P8G3D,2025-05-19T15:36:30.454542-04:00
01JVN13CNSYVSK40NPYR1FXPA9,01JVMZGYJ85AM4Y1HBTW9BJ9SH,2025-05-19T15:42:30.585036-04:00,01JVMZGYJYHNJ38YB871XB1K70,2025-05-19T15:42:30.585036-04:00,01JVN0GWM1WEJQHYFY8YZY2XSJ,2025-05-19T15:42:30.585036-04:00,01JVN0H2EMHSS9DNJQRPCHB8JQ,2025-05-19T15:42:30.585036-04:00
01JVN0RCZP1RZDRFC5TRMW37EK,01JVMZGYJ85AM4Y1HBTW9BJ9SH,2025-05-19T15:36:30.454426-04:00,01JVMZGYJYHNJ38YB871XB1K70,2025-05-19T15:36:30.454426-04:00,01JVN0GWM1WEJQHYFY8YZY2XSJ,2025-05-19T15:36:30.454426-04:00,01JVN0H2EMHSS9DNJQPT1P8G3D,2025-05-19T15:36:30.454426-04:00
01JVN0WPGCKF8SJKE7BWRXBT5N,01JVN0HG625XH382X4PTR2KFHP,2025-05-19T15:38:51.276928-04:00,01JVN0HG6F9FV33B7XAJZQDTRH,2025-05-19T15:38:51.276928-04:00,01JVN0Q6YAZ41Q9MK1Q0SNZV36,2025-05-19T15:38:51.276928-04:00,01JVN0WPDY41WPN2B42CQR9M4A,2025-05-19T15:38:51.276928-04:00
01JVN0WPGD0CX64H4D2QGA3EXC,01JVN0HG625XH382X4PTR2KFHP,2025-05-19T15:38:51.277018-04:00,01JVN0HG6F9FV33B7XAJZQDTRH,2025-05-19T15:38:51.277018-04:00,01JVN0W8YX15Y94JM3DY4BT6PW,2025-05-19T15:38:51.277018-04:00,01JVN0WPDY41WPN2B42CQR9M4A,2025-05-19T15:38:51.277018-04:00
01JVN140Z955NB6JJ7D8A6HERC,01JVN0HG625XH382X4PTR2KFHP,2025-05-19T15:42:51.369932-04:00,01JVN0HG6F9FV33B7XAJZQDTRH,2025-05-19T15:42:51.369932-04:00,01JVN0W8YX15Y94JM3DY4BT6PW,2025-05-19T15:42:51.369932-04:00,01JVN0WPE0EKSND0V85WK3GEB9,2025-05-19T15:42:51.369932-04:00
